TICKER;PRECO;ULTIMO DIVIDENDO;DY;VALOR PATRIMONIAL COTA;P/VP;LIQUIDEZ MEDIA DIARIA;PERCENTUAL EM CAIXA;CAGR DIVIDENDOS 3 ANOS; CAGR VALOR CORA 3 ANOS;PATRIMONIO;N COTISTAS;GESTAO; N COTAS
ABCP11;75,69;0,550000;10,11;110,73;0,68;56.497,57;1,48;4,47;18,05;521.435.107,88;13.579,00;;4.709.082,00
ADSH11;10,70;;0,00;;;38.359.398,40;;;;;;;0,00
AFHF11;10,00;0,130000;3,70;10,24;0,98;191.202,00;3,49;;;51.201.802,35;916,00;;5.000.000,00
AFHI11;95,64;1,030000;12,66;95,48;1,00;522.481,41;10,32;-0,16;13,42;457.271.776,55;38.622,00;;4.789.190,00
AIEC11;60,72;0,340000;6,69;76,01;0,80;283.706,10;8,72;-23,19;9,94;366.741.340,93;11.843,00;;4.824.987,00
AJFI11;8,44;0,050000;6,54;11,07;0,76;2.484.482,71;6,21;;;372.176.626,93;9.783,00;;33.625.978,00
ALMI11;625,55;2,518507;6,82;2.048,45;0,31;18.897,50;4,25;;-3,32;227.740.336,36;1.852,00;;111.177,00
ALZC11;7,50;0,100000;16,25;9,38;0,80;254.150,95;1,83;;4,83;184.590.936,22;10.774,00;;19.685.485,00
ALZM11;6,32;0,080000;0,00;7,46;0,85;;3,80;-6,90;-11,44;113.203.496,22;12.195,00;Ativa;15.180.540,00
ALZR11;9,92;0,083550;10,20;10,55;0,94;3.256.130,90;10,73;1,53;4,80;1.736.260.114,76;200.008,00;;164.629.260,00
ANCR11B;3.221,00;1,440191;0,04;120,19;26,80;;1,09;;;4.172.561.658,74;247,00;;34.717.612,00
APTO11;8,23;0,090000;12,83;9,79;0,84;12.881,05;11,23;-2,35;6,31;45.136.541,76;7.679,00;;4.612.227,00
APXM11;73,00;0,388586;6,26;125,59;0,58;51.889,64;0,58;;;355.310.635,38;692,00;;2.829.142,00
APXR11;99,99;;0,00;75,99;1,32;13,27;0,54;;;8.325.912,30;178,00;;109.567,00
APXU11;94,49;;0,00;74,82;1,26;32.211,50;19,79;;;7.597.609,10;49,00;;101.542,00
AQLL11;385,03;;0,00;789,66;0,49;;0,26;;;115.146.206,99;83,00;;145.817,00
ARFI11B;479,99;;0,00;63,81;7,52;;3,50;;;118.155.565,38;8.102,00;;1.851.786,00
AROA11;1,16;0,007500;8,69;0,95;1,24;23.300,33;2,20;12,50;;159.742.002,08;6.169,00;;167.926.832,00
ARRI11;4,32;0,070000;23,61;8,43;0,51;270.457,24;2,58;-5,40;-8,83;174.716.196,87;23.493,00;;20.726.973,00
ARTE11;7,13;0,120000;16,15;10,49;0,68;88.926,19;1,71;;;99.680.531,05;796,00;;9.499.643,00
ARXD11;7,88;0,090000;13,90;9,14;0,86;36.809,05;3,45;-4,19;;79.820.061,13;2.048,00;;8.731.082,00
ASRF11;10.974,00;256,328699;0,00;9.551,51;1,15;10.974,00;1,21;;;38.206.023,23;95,00;;4.000,00
ATCR11;0,00;0,239841;0,00;68,43;;;1,26;;;63.568.451,78;33,00;;928.908,00
ATSA11;59,00;0,150000;4,75;74,04;0,80;318,55;3,12;-7,34;-1,28;129.659.320,76;304,00;;1.751.141,00
ATWN11;0,00;;0,00;2.065,92;;;0,65;;;332.111.797,43;2,00;;160.757,00
AURB11;81,20;0,500000;5,25;80,43;1,01;319.960,40;9,60;;;87.333.600,83;18,00;;1.085.780,00
AZPE11;0,00;0,137000;0,00;10,02;;;6,73;;;125.203.359,08;1,00;;12.500.000,00
AZPL11;7,55;0,080000;12,19;8,61;0,88;199.534,41;1,75;;;360.886.730,99;5.763,00;;41.922.689,00
BARI11;79,20;0,760800;3,49;78,48;1,01;0,00;6,74;-0,15;6,95;363.696.267,15;31.765,00;;4.634.191,00
BBFI11;5,92;361,119836;6.100,00;33,91;0,17;154.597,00;392,07;28,01;-83,45;4.408.674,69;5.522,00;;130.000,00
BBFO11;68,90;0,950000;14,03;74,21;0,93;504.901,10;2,24;7,33;11,73;297.121.050,89;11.450,00;;4.003.900,00
BBIG11;6,41;0,070000;14,49;9,58;0,67;906.234,38;3,68;;;949.677.063,57;38.108,00;;99.120.994,00
BBIM11;0,00;0,340000;0,00;0,00;;;;-24,05;;0,00;0,00;Ativa;0,00
BBRC11;103,35;1,050000;13,13;105,04;0,99;84.226,90;8,71;0,62;13,89;167.015.226,12;8.669,00;;1.590.000,00
BCFF11;7,28;0,070000;0,00;8,76;0,83;;6,73;1,07;-3,50;1.766.025.679,12;351.688,00;Ativa;201.491.024,00
BCIA11;89,00;0,860000;11,51;103,64;0,86;443.656,05;0,21;0,20;8,69;385.435.928,12;19.867,00;;3.719.038,00
BCRI11;59,05;0,780000;16,57;85,05;0,69;387.068,05;6,95;1,04;3,78;532.201.700,10;41.307,00;;6.257.873,00
BETW11;0,00;0,690000;0,00;110,29;;;0,92;;;276.210.622,35;2,00;;2.504.500,00
BGRB11;115,00;1,200000;6,81;116,87;0,98;140,70;4,31;;;225.892.660,89;377,00;;1.932.933,00
BICE11;764,16;5,230000;7,60;1.085,70;0,70;0,00;17,07;-12,84;4,38;144.847.056,01;120,00;;133.414,00
BICR11;35,92;0,363000;0,00;41,61;0,86;72,00;3,33;-18,17;-27,38;20.805.910,51;641,00;Ativa;500.000,00
BIME11;5,49;0,060000;15,85;8,38;0,66;38.843,00;1,90;-3,23;3,30;48.989.627,09;7.918,00;;5.845.602,00
BINR11;1.673,35;297,587399;28,55;1.179,93;1,42;;9,45;;;140.100.030,79;103,00;;118.735,00
BIPD11;989,33;10,800000;8,08;948,30;1,04;860.222,50;2,20;;;104.729.593,55;111,00;;110.439,00
BIPE11;1.000,00;;0,00;982,84;1,02;0,00;27,66;;;94.598.320,39;103,00;;96.250,00
BLCA11;98,23;0,550000;6,62;126,49;0,78;31.629,86;2,75;-29,21;-0,86;202.380.343,80;502,00;;1.600.000,00
BLCP11;91,00;0,563428;0,00;63,81;1,43;;3,50;;;118.155.565,38;8.102,00;;1.851.786,00
BLMC11;85,75;1,070000;0,00;63,81;1,34;;3,50;-0,67;2,48;118.155.565,38;8.102,00;;1.851.786,00
BLMG11;30,73;0,390000;14,92;47,09;0,65;359.506,43;1,05;-14,32;-11,19;220.053.627,85;13.225,00;;4.673.000,00
BLMO11;86,71;0,530000;7,39;98,73;0,88;943,13;1,93;-78,81;;98.213.946,05;274,00;;994.814,00
BLMR11;6,78;0,053000;0,00;63,81;0,11;;3,50;;1,47;118.155.565,38;8.102,00;;1.851.786,00
BLOG11;6,66;0,020000;1,95;11,26;0,59;60,45;0,11;;;346.922.775,80;125,00;;30.796.704,00
BLUR11;76,03;1,010650;1,33;76,13;1,00;;100,42;-14,85;-2,92;6.851.720,42;1,00;Ativa;90.000,00
BMII11;0,00;0,228341;0,00;454,06;;;0,27;;;34.190.505,41;24,00;Ativa;75.300,00
BMLC11;101,12;0,750000;8,45;110,09;0,92;13.191,05;5,12;-10,22;14,58;109.915.742,60;1.221,00;;998.405,00
BNFS11;39,00;0,500000;23,72;69,82;0,56;47.362,24;8,01;-18,03;-20,29;48.870.760,40;5.185,00;;700.000,00
BPFF11;54,53;0,670000;5,08;62,15;0,88;512.062,00;4,94;1,28;2,01;279.190.787,97;20.101,00;;4.492.326,00
BPLC11;0,00;14,420464;0,00;9.938,03;;;0,28;;;323.274.262,75;30,00;;32.529,00
BPML11;88,32;0,920000;16,08;124,31;0,71;1.554.099,23;10,24;6,83;29,77;925.074.444,08;5.999,00;;7.441.745,00
BPRP11;107,50;0,925000;0,00;125,57;0,86;2.150,00;0,19;2,64;3,50;169.496.975,27;171,00;Passiva;1.349.837,00
BRCO11;112,32;0,950000;9,69;116,02;0,97;4.837.201,05;3,34;0,65;8,65;2.090.865.673,55;136.768,00;;18.021.303,00
BRCR11;42,94;0,410000;11,46;85,65;0,50;2.490.716,45;0,74;-2,26;1,36;2.281.529.277,71;115.596,00;;26.638.202,00
BREV11;105,00;0,580000;0,00;63,81;1,65;532.138,00;3,50;8,81;3,39;118.155.565,38;8.102,00;;1.851.786,00
BRHT11B;86,80;;0,00;60,92;1,42;;4,58;;;112.199.117,71;11,00;;1.841.677,00
BRIM11;95,00;48,330000;0,00;1,58;60,13;5.718,84;2.236,54;;;196.074,49;718,00;;124.137,00
BRIP11;384,90;11,770000;0,00;471,12;0,82;3.753,67;2,75;;10,38;101.514.032,14;400,00;;215.475,00
BROF11;54,32;0,560000;11,88;109,86;0,49;1.721.627,00;0,94;-1,70;2,64;1.275.538.099,15;11.073,00;;11.610.812,00
BROL11;0,00;;0,00;63,81;;;3,50;;;118.155.565,38;8.102,00;;1.851.786,00
BRSE11;0,00;;0,00;4.665,55;;;0,07;;;9.331.105,06;12,00;;2.000,00
BSLT11;69,00;;0,00;113,08;0,61;100.982,57;0,01;;;152.658.958,37;2.547,00;;1.350.000,00
BTAL11;86,58;1,000000;13,22;115,96;0,75;469.664,55;19,80;10,88;11,45;693.765.025,57;38.037,00;;5.982.736,00
BTCI11;9,14;0,095000;11,63;10,16;0,90;3.248.156,48;3,76;-0,17;12,05;1.011.120.232,13;208.093,00;;99.521.172,00
BTCR11;88,00;0,900000;0,00;63,81;1,38;571.148,00;3,50;32,78;;118.155.565,38;8.102,00;;1.851.786,00
BTHF11;8,93;0,101000;13,01;10,07;0,89;2.575.454,05;8,56;;;2.073.590.309,55;317.708,00;;205.846.940,00
BTHI11;44,28;0,450000;10,82;65,33;0,68;26.854,59;2,77;-16,95;-19,31;602.289.644,72;1.728,00;;9.218.512,00
BTHI12;45,00;0,560000;0,00;65,33;0,69;;2,77;;12,04;602.289.644,72;1.728,00;;9.218.512,00
BTHR11;0,00;0,210000;0,00;10,09;;;16,38;;;339.872.892,05;24,00;;33.675.336,00
BTLG11;101,72;0,810000;9,35;102,47;0,99;9.804.222,09;0,98;1,22;10,37;5.462.668.094,76;476.467,00;;53.310.352,00
BTML11;101,37;1,400000;10,61;128,27;0,79;;3,36;;;145.476.950,69;1,00;;1.134.132,00
BTRA11;59,40;0,900000;12,68;113,35;0,52;223.831,14;16,25;9,98;0,91;381.378.840,51;11.679,00;;3.364.559,00
BTSG11;145,92;1,000000;6,13;156,08;0,93;146,00;0,75;3,00;15,18;120.961.555,01;106,00;;775.015,00
BTSI11;109,00;0,830000;8,90;123,72;0,88;816,86;0,07;3,30;;788.599.315,08;219,00;;6.373.961,00
BTWR11;90,94;0,700000;9,07;118,61;0,77;61.215,46;0,57;4,84;;95.991.355,14;139,00;;809.269,00
BTYU11;7,47;0,090200;16,13;10,21;0,73;4.736,14;4,69;;;306.375.848,79;809,00;;30.000.000,00
BVAR11;1.246,69;5,500000;11,17;703,53;1,77;1.260,00;1,19;-12,98;;440.084.251,39;128,00;;625.540,00
BZEL11;0,00;5,092421;0,00;148,68;;;0,14;;;526.031.116,30;3,00;;3.538.046,00
BZLI11;19,78;;0,00;16,82;1,18;;0,01;;5,18;736.415.380,83;18,00;;43.785.754,00
CACR11;20,90;0,230000;63,67;96,03;0,22;1.837.717,77;0,59;-5,01;-30,80;464.435.995,34;26.588,00;;4.836.324,00
CARE11;3,11;0,008385;0,00;34,53;0,09;10.943,43;1,39;;-32,25;248.628.453,47;6.772,00;;7.201.226,00
CBOP11;32,98;0,160000;7,28;72,25;0,46;6.397,32;1,40;15,06;1,87;102.240.814,96;2.009,00;;1.415.000,00
CCLB11;0,00;;0,00;63,81;;;3,50;;;118.155.565,38;8.102,00;;1.851.786,00
CCME11;8,60;0,086000;11,86;10,64;0,81;364.920,95;13,69;-2,17;-1,47;721.144.870,48;9.646,00;;67.797.053,00
CCRF11;92,50;0,632531;0,00;63,81;1,45;;3,50;;4,97;118.155.565,38;8.102,00;;1.851.786,00
CCVA11;98,97;0,430000;6,88;102,23;0,97;;2,01;;;64.174.962,31;1,00;;627.724,00
CENU11;100,00;;0,00;99,22;1,01;;0,55;;;113.084.769,17;27,00;;1.139.780,00
CEOC11;40,54;0,429587;13,71;68,18;0,59;28.913,38;2,96;-0,34;0,44;123.791.738,86;3.675,00;;1.815.696,00
CFHI11;20,10;10,620000;226,47;26,58;0,76;40,00;154,38;;;2.514.034,94;96,00;;94.600,00
CFII11;519,75;57,500000;48,64;498,26;1,04;307,50;1,37;;;62.939.128,04;103,00;;126.319,00
CIXM11;9,04;0,150000;0,00;41,13;0,22;;1,25;;;252.032.954,76;108,00;;6.127.180,00
CIXR11;0,00;;0,00;63,81;;;3,50;;;118.155.565,38;8.102,00;;1.851.786,00
CJCT11;65,75;0,240000;4,50;73,88;0,89;40.068,17;0,39;17,60;4,90;231.968.060,02;790,00;;3.140.000,00
CJFI11;0,00;;0,00;63,81;;;3,50;;;118.155.565,38;8.102,00;;1.851.786,00
CLIN11;90,11;1,150000;13,14;98,69;0,91;5.258.406,10;6,19;;;428.991.719,21;10.732,00;;4.346.763,00
CNES11;1,39;0,007418;6,82;6,37;0,22;32.570,86;6,11;3,49;-11,71;217.447.455,41;76.895,00;;34.134.825,00
COPP11;103,00;0,750000;0,00;130,60;0,79;;0,57;;;624.502.719,53;119,00;;4.781.655,00
CPFF11;69,90;0,500000;0,00;62,49;1,12;;8,22;-0,91;7,47;67.464.811,29;6.536,00;Ativa;1.079.696,00
CPFO11;0,00;;0,00;63,81;;;3,50;;;118.155.565,38;8.102,00;;1.851.786,00
CPHH11;0,00;;0,00;73,46;;;30,00;;;108.236.367,68;420,00;;1.473.378,00
CPLG11;11,26;0,120000;13,41;10,52;1,07;125.211,05;0,31;;;458.028.221,16;1.963,00;;43.542.510,00
CPOF11;114,50;0,430000;4,45;130,60;0,88;11.479.748,86;0,57;;;624.502.719,53;119,00;;4.781.655,00
CPSH11;9,99;0,110000;13,20;11,65;0,86;3.103.688,50;0,14;;;1.434.255.814,71;36.683,00;;123.163.844,00
CPTS11;7,49;0,090000;14,25;8,85;0,85;10.725.447,76;0,18;6,32;9,80;3.218.028.355,17;378.378,00;;363.503.147,00
CPUR11;10,13;0,059000;10,58;9,79;1,03;350.889,86;0,05;5,55;13,11;664.047.962,52;1.860,00;;67.825.745,00
CRFF11;75,87;0,650000;10,72;86,42;0,88;3.117,57;5,76;1,32;10,45;59.631.896,97;1.155,00;;690.040,00
CSMC11;0,00;8,195922;0,00;1.089,30;;;1,38;;;2.054.753.273,35;1,00;;1.886.309,00
CTEM11;7,48;;0,00;;;284,06;;;;;;;0,00
CTNP11;0,00;;0,00;63,81;;;3,50;;;118.155.565,38;8.102,00;;1.851.786,00
CTXT11;4,70;0,010000;0,00;17,48;0,27;191,95;1,03;-23,80;-24,08;94.137.745,80;2.198,00;;5.384.912,00
CVPR11;0,00;0,858820;0,00;99,85;;;10,27;-6,78;;64.482.889,39;3,00;;645.783,00
CXAG11;75,37;0,720000;12,14;110,64;0,68;170.618,95;3,07;2,13;10,01;231.315.365,62;11.403,00;;2.090.621,00
CXCE11;40,01;0,472571;13,96;63,08;0,63;28.439,43;7,59;3,94;-0,11;108.058.146,06;2.870,00;;1.712.950,00
CXCI11;65,92;0,750000;14,18;86,21;0,76;102.197,29;6,35;-1,25;5,87;177.398.158,18;5.414,00;;2.057.726,00
CXCO11;66,91;0,750000;13,61;95,59;0,70;170.793,81;1,76;-0,89;9,27;375.124.175,77;12.075,00;;3.924.500,00
CXRI11;63,86;0,630000;12,32;86,92;0,73;50.426,95;6,42;1,36;5,45;136.963.646,99;1.817,00;;1.575.760,00
CXTL11;331,71;0,763612;1,84;407,89;0,81;2.475,39;3,20;-28,81;8,30;21.861.493,28;563,00;;53.597,00
CYCR11;8,70;0,106000;14,74;9,44;0,92;606.070,62;1,10;0,85;14,34;344.921.276,77;17.053,00;;36.549.445,00
CYLD11;130,99;19,355643;14,78;151,09;0,87;1.006,58;39,08;;;187.631.875,80;115,00;;1.241.847,00
DAMA11;6,87;0,065558;13,53;7,83;0,88;3.707,71;2,50;;;43.340.419,56;894,00;;5.537.031,00
DAMT11B;11,45;0,582451;8,59;14,24;0,80;23,00;4,63;;-12,34;253.177.269,21;563,00;;17.779.747,00
DAYM11;4,12;0,037000;8,57;9,91;0,42;5.198,52;3,52;;-6,50;169.459.472,82;921,00;;17.100.937,00
DEVA11;16,82;0,300000;24,60;94,96;0,18;576.046,73;5,95;-13,96;-25,29;1.333.720.809,87;76.438,00;;14.044.908,00
DLMT11;0,00;0,000332;0,00;0,51;;;1,14;-19,71;;6.684.838,57;9,00;;13.225.796,00
DMAC11;13,00;4,894618;0,00;63,81;0,20;;3,50;;;118.155.565,38;8.102,00;;1.851.786,00
DOMC11;439,00;;0,00;111,43;3,94;;1,54;;;588.376.786,38;1.080,00;;5.280.066,00
DOVL11B;784,35;6,308209;10,81;584,44;1,34;0,00;5,12;1,46;-13,23;38.810.253,55;101,00;;66.406,00
DPRO11;5,53;0,060000;13,02;9,36;0,59;2.627,76;1,33;0,80;-8,63;46.832.539,95;787,00;;5.003.220,00
DRIT11;8,68;0,520000;0,00;133,56;0,07;1.246,00;23,67;8,28;-53,78;61.876.341,24;338,00;Ativa;463.277,00
DVFF11;5,34;0,065000;14,70;8,71;0,61;69.421,57;5,45;-3,95;0,06;95.880.043,90;2.177,00;;11.009.500,00
DVLP11;150,29;;0,00;144,62;1,04;0,00;6,52;;;102.934.849,17;161,00;;711.756,00
DVLT11;103,41;;0,00;103,34;1,00;7.135,17;20,96;;;42.135.825,47;402,00;;407.744,00
EAGL11;0,00;;0,00;104,50;;;0,01;;;194.252.729,19;13,00;;1.858.798,00
EDFO11;131,49;0,783000;8,35;191,28;0,69;10.935,67;12,38;-19,61;-11,55;57.098.073,08;457,00;;298.500,00
EDGA11;13,50;0,050000;2,60;46,32;0,29;18.439,29;0,91;-10,18;-7,16;176.571.138,94;3.585,00;;3.812.055,00
EDGE11;1.050,00;79,240000;7,55;1.240,20;0,85;105,00;27,00;;;14.180.669,78;126,00;;11.434,00
EGDB11;1.255,13;;0,00;989,68;1,27;42.783,00;0,08;;;107.637.186,89;2.808,00;;108.759,00
EGYR11;2,98;;0,00;132,35;0,02;519,00;0,00;;-32,29;100.896.714,98;89,00;;762.353,00
EIRA11;104,55;1,140000;14,73;103,33;1,01;1.950,55;87,31;;;35.783.646,69;234,00;;346.289,00
ELDO11;762,38;0,200000;16,25;1.719,79;0,44;;0,19;-0,21;;1.353.915.587,61;112,00;;787.256,00
EMET11;9,77;0,100000;16,58;9,74;1,00;35.739,76;1,68;;;48.709.894,09;245,00;;5.000.000,00
EQIR11;8,46;0,100000;14,25;9,70;0,87;70.569,24;11,06;-0,29;12,96;105.874.548,72;9.708,00;;10.909.315,00
ERCR11;15.707,85;1.868,750000;0,00;10.644,68;1,48;;1,20;;;25.291.756,03;9,00;;2.376,00
ERPA11;128,94;0,940000;8,69;165,57;0,78;262.105,00;1,01;7,66;10,95;82.937.850,60;846,00;;500.922,00
ESTQ11;0,00;;0,00;0,02;;;99,52;;;983.103,66;5,00;;65.361.974,00
EURO11;320,00;2,450000;8,09;393,91;0,81;44.360,59;6,89;4,71;20,68;161.458.336,98;1.960,00;;409.883,00
EXES11;9,47;0,130000;16,47;10,19;0,93;162.107,62;0,28;16,52;18,79;143.689.287,29;2.210,00;;14.101.455,00
FAED11;150,29;1,720000;13,57;227,39;0,66;81.972,10;1,48;4,21;14,83;157.442.909,60;3.979,00;;692.377,00
FAGL11;0,00;;0,00;63,81;;;3,50;;;118.155.565,38;8.102,00;;1.851.786,00
FAMB11;888,01;45,426656;0,00;986,16;0,90;62.544,86;5,73;45,38;3,54;120.841.797,25;1.951,00;;122.538,00
FAOE11;926,90;11,160900;0,00;0,00;;;;;;0,00;0,00;Ativa;0,00
FARU11;0,00;;0,00;63,81;;;3,50;;;118.155.565,38;8.102,00;;1.851.786,00
FATN11;80,03;0,800000;12,00;96,69;0,83;1.413.461,14;1,62;-1,94;3,89;613.387.682,74;29.245,00;;6.343.786,00
FCAS11;0,00;0,121915;0,00;63,81;;;3,50;;;118.155.565,38;8.102,00;;1.851.786,00
FCFL11;121,94;0,930000;9,00;125,08;0,97;87.583,81;0,48;3,18;14,01;434.529.194,20;2.874,00;;3.474.010,00
FGPM11;0,00;;0,00;63,81;;;3,50;;;118.155.565,38;8.102,00;;1.851.786,00
FIGS11;48,49;0,480000;11,88;70,03;0,69;125.494,48;0,68;1,18;6,49;199.594.363,61;11.391,00;;2.850.000,00
FIIB11;448,00;3,000000;9,04;591,34;0,76;255.843,95;0,70;-1,72;6,29;405.068.000,90;14.298,00;;685.000,00
FIIC11;0,00;;0,00;0,00;;;;;;-22.293,29;1,00;;500.000.005.738,00
FIIP11;131,30;1,420000;12,81;199,86;0,66;258.270,24;2,32;-0,90;-3,71;185.299.157,54;5.988,00;;927.162,00
FINF11;0,00;0,215836;0,00;110,18;;;1,22;-7,27;;90.363.134,95;4,00;;820.112,00
FISC11;65,00;0,620000;8,97;111,12;0,59;7.156,00;0,86;9,26;;188.909.100,84;226,00;;1.699.996,00
FISD11;149,33;6,526269;0,00;45,12;3,31;;2,87;;;48.395.099,56;22,00;;1.072.588,00
FIVN11;3,17;;0,00;5,98;0,53;4.280,19;0,00;;-6,27;56.328.240,47;4.250,00;;9.412.630,00
FLCR11;92,97;1,150000;14,36;94,04;0,99;45.608,38;9,70;0,80;14,14;70.701.194,45;2.727,00;;751.844,00
FLFL11;0,00;0,180000;0,00;137,75;;;0,81;;;475.832.779,80;1,00;;3.454.262,00
FLMA11;156,50;1,140000;8,63;250,49;0,62;36.760,52;1,07;5,74;15,89;345.840.474,07;10.934,00;;1.380.670,00
FLNR11;1.273,88;;0,00;1.215,75;1,05;;0,15;;;154.625.011,17;125,00;;127.184,00
FLRP11;20,67;0,150000;9,24;21,04;0,98;76.876,67;1,71;4,16;16,54;161.301.717,18;1.908,00;;7.664.919,00
FMOF11;35,00;1,550000;37,20;47,28;0,74;2.751,82;15,32;54,33;17,15;24.018.182,32;404,00;;508.008,00
FOFT11;123,00;1,900000;0,00;7,00;17,57;;2,33;-47,71;;250.509.603,82;11.454,00;Ativa;35.769.919,00
FPAB11;204,99;1,800000;10,68;358,50;0,57;9.583,26;5,09;11,39;17,05;268.875.681,41;657,00;;750.000,00
FPNG11;480,00;4,830000;1,01;215,85;2,22;2.435,11;4,48;15,77;;656.929.462,55;140,00;;3.043.447,00
FRHY11;0,00;1,030000;0,00;7,07;;;64,66;;;922.561,46;7,00;;130.500,00
FTCE11B;38.280,10;32,568789;0,15;2.933,71;13,05;20.943.483.170,84;2,51;;;3.927.592.090,30;124,00;;1.338.781,00
FVBI11;94,97;0,369573;0,00;63,81;1,49;;3,50;142,93;;118.155.565,38;8.102,00;;1.851.786,00
FVPQ11;63,36;0,400000;6,93;92,58;0,68;37.580,71;2,02;-23,61;-5,96;259.235.368,16;3.452,00;;2.800.149,00
FYTO11;8,39;0,100000;14,51;9,96;0,84;124.776,05;5,36;0,49;3,67;152.259.170,51;10.372,00;;15.281.388,00
GAME11;8,82;0,100000;13,17;9,63;0,91;178.719,86;1,21;0,00;13,66;273.628.913,99;21.047,00;;28.426.127,00
GARE11;8,19;0,083000;12,18;9,39;0,87;9.580.367,67;0,57;-0,63;9,97;2.716.521.048,37;511.604,00;;289.186.438,00
GCDL11;123,32;;0,00;110,26;1,12;18.156,43;2,56;;;43.673.495,49;2.003,00;;396.111,00
GCFF11;69,30;0,750000;0,00;63,81;1,09;;3,50;;0,31;118.155.565,38;8.102,00;;1.851.786,00
GCOI11;72,87;3,011600;8,25;74,41;0,98;0,00;15,02;;;8.408.159,77;384,00;;113.000,00
GCRI11;67,49;0,850000;14,88;90,88;0,74;338.787,32;18,83;-4,70;4,82;132.126.117,35;4.110,00;;1.453.859,00
GESE11B;1.520,00;14,973763;0,00;63,81;23,82;;3,50;118,15;;118.155.565,38;8.102,00;;1.851.786,00
GFDL11;116,18;0,160000;0,14;95,85;1,21;6.637,11;0,40;;;24.434.606,29;2.046,00;;254.927,00
GGRC11;9,89;0,100000;12,17;11,08;0,89;9.435.909,76;0,64;2,62;7,59;2.373.630.278,21;343.231,00;;214.249.664,00
GLCR11;100,00;0,900000;11,37;98,69;1,01;7.900,00;5,01;;;35.538.140,79;881,00;;360.110,00
GLOG11;74,50;0,600000;7,56;108,69;0,69;38.065,48;1,90;-7,27;14,56;81.517.819,25;1.714,00;;750.000,00
GLPF11;107,90;0,670000;9,26;100,31;1,08;252.861,57;0,44;;;150.965.884,15;2.444,00;;1.505.000,00
GLPL11;0,00;;0,00;63,81;;;3,50;;;118.155.565,38;8.102,00;;1.851.786,00
GRLV11;104,51;0,170000;0,00;63,81;1,64;;3,50;135,25;;118.155.565,38;8.102,00;;1.851.786,00
GRUL11;8,39;0,080000;12,16;9,64;0,87;230.963,33;1,48;;;237.993.476,66;5.220,00;;24.700.000,00
GSFI11;11,31;;0,00;12,68;0,89;15.588.276,90;1,95;;24,15;1.218.250.029,34;6.451,00;;96.106.665,00
GTLG11;63,99;0,840000;0,00;63,81;1,00;;3,50;;-12,76;118.155.565,38;8.102,00;;1.851.786,00
GTWR11;80,19;0,900000;13,43;101,40;0,79;1.245.175,43;1,60;4,34;12,95;1.216.793.369,88;33.628,00;;12.000.000,00
GURB11;108,00;0,700000;0,00;128,27;0,84;;3,36;;1,59;145.476.950,69;1,00;;1.134.132,00
GVBI11;0,00;;0,00;63,81;;;3,50;;;118.155.565,38;8.102,00;;1.851.786,00
GZIT11;41,35;0,420000;19,15;87,28;0,47;414.155,86;5,20;;;2.033.444.812,27;8.108,00;;23.297.836,00
HAAA11;55,10;0,080000;4,77;64,49;0,85;820,69;2,40;-10,36;0,30;222.801.744,78;234,00;;3.455.000,00
HABT11;69,00;0,950000;17,10;95,40;0,72;1.252.437,67;9,31;-2,45;4,86;775.305.116,43;55.119,00;;8.126.783,00
HBCR11;146,00;0,530000;10,13;115,54;1,26;1.258.259,90;0,09;29,34;23,00;184.867.866,72;69,00;;1.600.000,00
HBTT11;1.055,00;16,580000;0,00;63,81;16,53;;3,50;;;118.155.565,38;8.102,00;;1.851.786,00
HCHG11;79,82;0,780000;9,36;92,37;0,86;41.351,90;0,95;0,14;11,96;110.838.822,38;520,00;;1.200.000,00
HCPR11;0,00;;0,00;63,81;;;3,50;;;118.155.565,38;8.102,00;;1.851.786,00
HCRI11;269,00;2,485000;19,09;286,57;0,94;39.245,95;2,89;16,24;18,26;57.314.552,15;2.992,00;;200.000,00
HCST11;79,14;;0,00;58,58;1,35;0,00;1,14;;13,67;51.021.940,48;58,00;;870.918,00
HCTR11;15,28;0,260000;23,21;105,74;0,14;605.345,38;0,89;-7,11;-26,85;2.336.448.804,37;130.689,00;;22.084.202,00
HDEL11;3,45;15,300000;850,14;4,34;0,79;248,10;201,25;;;3.648.569,25;139,00;;840.000,00
HDOF11;90,00;;0,00;92,74;0,97;975.360,00;0,78;;-7,85;312.517.988,81;122,00;;3.370.000,00
HFOF11;6,37;0,060000;10,86;7,97;0,80;3.426.751,18;1,98;-2,91;6,52;1.768.407.953,93;94.704,00;;221.840.000,00
HGBL11;9,15;0,072000;9,70;9,36;0,98;23.135,00;1,43;;;245.812.399,35;4.859,00;;26.261.802,00
HGBS11;19,57;0,170000;9,71;20,65;0,95;5.763.361,14;3,07;-4,41;7,74;2.666.618.750,34;181.535,00;;129.133.010,00
HGCR11;92,96;0,950000;12,86;98,67;0,94;2.627.804,10;3,45;-0,82;9,02;1.521.317.478,26;103.812,00;;15.418.106,00
HGFF11;62,38;1,990000;6,46;71,18;0,88;1.552.502,00;18,73;8,82;-0,83;203.824.815,19;14.789,00;;2.863.597,00
HGIC11;58,18;0,600000;15,10;111,18;0,52;4.616,76;2,92;-8,73;-7,34;51.444.472,84;711,00;;462.706,00
HGLG11;150,62;1,100000;8,77;166,49;0,90;11.856.557,62;1,22;-0,99;6,30;7.234.911.197,70;565.330,00;;43.455.524,00
HGPO11;45,82;107,600000;234,83;155,67;0,29;387.581,71;100,20;143,56;-21,08;272.902.467,47;8.203,00;;1.753.057,00
HGRE11;120,74;0,850000;10,39;147,56;0,82;1.800.929,82;5,10;6,46;6,08;1.743.790.177,66;0,00;;11.817.767,00
HGRS11;0,00;8,300000;0,00;63,81;;;3,50;;;118.155.565,38;8.102,00;;1.851.786,00
HGRU11;127,53;0,950000;9,80;128,87;0,99;4.563.934,76;0,96;0,81;10,61;2.994.698.294,47;231.706,00;;23.238.024,00
HILG11;184,96;0,982200;28,36;243,19;0,76;0,00;10,00;44,05;;127.980.866,00;104,00;;526.253,00
HIRE11;100,36;0,960000;4,50;100,14;1,00;8.288.975,93;6,22;;;274.404.180,73;108,00;;2.740.301,00
HLMB11;0,00;;0,00;907,32;;;7,82;;;49.575.663,45;49,00;;54.639,00
HLOG11;9,04;0,070000;9,97;11,95;0,76;67.305,86;5,75;9,53;9,75;507.867.499,45;4.098,00;;42.500.000,00
HMOC11;226,95;23,800000;0,00;63,81;3,56;;3,50;122,18;;118.155.565,38;8.102,00;;1.851.786,00
HOFC11;33,95;0,210000;0,00;57,43;0,59;411.930,71;0,27;-22,89;15,47;217.009.351,29;4.219,00;;3.779.001,00
HOMS11;129,36;;0,00;87,68;1,48;8.317,48;3,01;;;44.392.879,71;2.573,00;;506.301,00
HOSI11;80,23;0,055000;4,83;121,16;0,66;4.376,62;1,66;-13,51;20,64;69.477.364,30;1.085,00;;573.450,00
HPDP11;87,49;0,610000;9,46;95,50;0,92;1.284,19;0,46;6,67;16,24;673.392.009,42;667,00;;7.050.992,00
HPDR11;0,00;;0,00;99,25;;;2,18;;;39.699.266,95;3,00;;400.000,00
HRDF11;5,20;6,800000;0,00;8,70;0,60;1.484,07;8,33;;0,98;13.199.077,31;838,00;;1.517.425,00
HREC11;8,32;0,095000;12,20;8,93;0,93;172.153,43;2,44;0,50;13,17;461.569.236,84;2.429,00;;51.685.917,00
HRES11;141,53;8,735900;28,16;121,03;1,17;2.140.733,00;24,43;;;56.670.371,95;274,00;;468.241,00
HSAF11;79,72;0,950000;14,30;89,56;0,89;773.268,27;4,10;2,78;11,77;226.269.994,93;8.699,00;;2.526.360,00
HSLG11;85,76;0,740000;9,83;109,62;0,78;636.312,48;6,29;-1,61;6,41;1.387.834.683,04;40.374,00;;12.660.067,00
HSML11;86,92;0,750000;9,57;103,65;0,84;7.099.864,33;4,63;-3,16;8,14;2.210.915.209,20;191.429,00;;21.329.976,00
HSRE11;82,87;0,850000;13,78;86,79;0,95;561.275,05;4,43;15,10;2,08;772.362.200,48;839,00;;8.898.724,00
HTMX11;131,90;1,200000;11,93;149,20;0,88;433.521,81;8,59;-18,02;23,38;430.892.555,87;33.476,00;;2.888.094,00
HUCG11;90,39;0,730000;9,54;128,21;0,71;2.080,95;0,82;;9,99;143.852.831,16;242,00;;1.122.000,00
HUSC11;96,01;5,440000;12,86;150,10;0,64;2.417,00;4,49;13,77;8,85;127.709.454,20;763,00;;850.821,00
HUSI11;1.060,00;9,033294;11,00;1.315,55;0,81;16.900,75;2,27;3,34;6,11;153.080.066,00;101,00;;116.362,00
HYPI11;180,54;1,148300;63,59;2,09;86,38;363,00;229,01;;;2.734.051,35;109,00;;1.306.304,00
IBBP11;8,01;0,082100;11,18;9,44;0,85;416.314,05;5,55;;;636.978.077,14;1.407,00;;67.442.409,00
IBCR11;48,55;0,600000;17,20;89,22;0,54;45.896,67;1,09;-10,02;-0,52;85.515.270,96;3.888,00;;958.423,00
IBFF11;66,40;0,296485;0,00;63,81;1,04;;3,50;;;118.155.565,38;8.102,00;;1.851.786,00
ICNE11;640,01;10,202217;21,33;672,71;0,95;2.762.892,67;0,30;;;80.724.864,08;10,00;;120.000,00
ICRI11;93,79;1,100000;12,74;102,36;0,92;671.651,76;9,50;;;394.849.922,39;11.851,00;;3.857.359,00
IDFI11;2,00;0,034026;0,00;1,60;1,25;;101,44;-50,79;-30,00;3.283.391,87;617,00;Ativa;2.057.925,00
IDGR11;1,50;0,008834;0,00;0,00;;;;;-43,21;0,00;0,00;Ativa;883.359,00
IDUA11;64,42;0,117731;9,32;7,34;8,78;;132,30;;;2.954.612,35;1,00;;402.311,00
IMOV11;0,00;0,100000;0,00;9,52;;;10,33;;;505.555.569,76;13.027,00;;53.092.572,00
INDE11;80,00;;0,00;111,25;0,72;538,67;0,66;;;49.832.661,60;183,00;;447.921,00
INLG11;64,89;0,600000;12,78;106,40;0,61;303.847,77;0,77;-0,04;-7,28;480.086.510,35;14.847,00;;4.512.103,00
INRD11;73,95;0,710000;10,79;118,43;0,62;57.643,62;1,49;6,43;8,94;133.794.671,29;5.856,00;;1.129.720,00
IRDM11;58,31;1,250056;8,83;78,62;0,74;5.300.561,00;3,42;-0,50;-2,44;2.959.621.783,69;258.917,00;;37.642.399,00
IRIM11;66,22;0,900000;14,66;84,38;0,78;3.199.579,82;10,61;-2,56;3,97;2.972.459.084,02;208.981,00;;35.225.947,00
ISCJ11;50,71;0,350584;42,42;0,00;;10.174,00;;;;0,00;0,00;;0,00
ITIP11;69,35;0,680000;12,43;68,50;1,01;50.841,27;2,06;0,00;10,34;51.249.599,16;7.316,00;;748.151,00
ITIT11;76,59;0,620000;9,67;78,45;0,98;137.801,62;1,51;0,14;11,16;70.648.021,19;8.998,00;;900.494,00
ITRI11;81,47;0,850000;12,92;95,31;0,85;1.202.272,19;2,94;;;595.656.332,38;17.802,00;;6.250.000,00
IVCI11;96,86;0,800000;14,12;99,70;0,97;;15,42;;;49.847.546,90;16,00;;500.000,00
JASC11;100,00;0,720000;8,30;114,54;0,87;35.714,29;2,92;7,94;;441.112.581,64;161,00;;3.851.187,00
JBFO11;15,03;0,043000;0,00;7,76;1,94;;100,61;-19,38;;9.919.792,95;369,00;;1.279.070,00
JCCJ11;154,37;1,770000;8,27;201,49;0,77;276.978,52;2,66;;;1.029.601.431,63;311,00;;5.109.830,00
JCDA11;0,00;;0,00;28,84;;;0,18;;;441.375.969,10;104,00;;15.303.215,00
JCDB11;0,00;;0,00;238,67;;;0,24;;;248.926.364,01;58,00;;1.042.957,00
JCIN11;148,90;7,335903;7,43;180,35;0,83;9.973.769,00;0,11;;;237.652.739,43;6,00;;1.317.717,00
JFLL11;56,25;0,200000;9,06;105,00;0,54;19.536,00;1,41;-11,84;7,67;157.564.092,36;2.133,00;;1.500.598,00
JPPA11;82,00;1,350000;16,48;100,58;0,82;96.688,38;1,67;1,45;9,64;90.928.675,06;6.087,00;;904.050,00
JPPC11;12.262,77;0,350000;0,24;61,16;200,50;10.205.711.351,16;101,26;;953,09;3.363.854,71;492,00;;55.000,00
JRDM11;85,00;0,400000;0,00;63,81;1,33;0,00;3,50;28,90;0,64;118.155.565,38;8.102,00;;1.851.786,00
JSAF11;7,29;0,080000;13,71;9,38;0,78;1.823.936,00;15,97;-5,44;7,33;727.009.438,83;26.434,00;;77.523.290,00
JSCR11;8,25;0,115000;14,12;9,52;0,87;486.200,48;3,33;;;210.665.724,23;3.539,00;;22.137.100,00
JSRE11;60,42;0,480000;9,53;102,83;0,59;3.230.618,59;1,09;1,06;0,62;2.135.526.993,39;91.536,00;;20.767.328,00
JTPR11;2.517,00;1,630372;0,00;31,54;79,80;;124,23;;;6.770.085,58;7,00;;214.674,00
KCRE11;9,00;0,110000;12,56;9,48;0,95;304.748,55;5,22;1,09;9,10;341.375.633,41;16.101,00;;36.000.000,00
KEVE11;460,01;4,062261;32,97;368,95;1,25;9.104,36;37,87;;7,73;54.494.024,39;430,00;;147.700,00
KFEN11;1.100,00;13,950000;10,43;943,90;1,17;;1,58;;;168.628.378,82;129,00;;178.651,00
KFOF11;77,48;0,800000;12,26;93,50;0,83;1.201.559,33;4,21;-1,46;6,65;655.834.294,21;27.307,00;;7.014.565,00
KINP11;10,00;3,053493;0,00;63,81;0,16;0,00;3,50;;;118.155.565,38;8.102,00;;1.851.786,00
KISU11;6,44;0,070000;11,94;8,07;0,80;793.342,27;3,53;-2,09;4,02;356.882.460,97;103.453,00;;44.196.050,00
KIVO11;57,58;0,800000;19,21;85,48;0,67;513.021,50;27,74;-6,89;0,14;190.000.030,66;7.365,00;;2.222.736,00
KLOG11;0,00;;0,00;0,94;;;1,41;;;384.010.963,63;354,00;;406.398.891,00
KNCR11;106,04;1,100000;13,72;102,38;1,04;21.793.324,71;8,12;4,61;18,31;10.964.349.587,96;549.972,00;;107.089.622,00
KNHF11;94,20;1,000000;12,71;101,11;0,93;3.798.013,62;10,19;;;1.988.129.844,83;67.787,00;;19.663.235,00
KNHY11;99,18;1,300000;13,39;98,97;1,00;3.015.331,67;4,14;1,77;13,50;3.085.065.467,49;27.940,00;;31.173.083,00
KNIP11;92,07;1,250000;10,53;93,93;0,98;8.776.128,67;11,15;1,45;10,52;7.521.419.655,96;72.303,00;;80.078.186,00
KNPR11;0,00;5,700000;0,00;101,19;;;6,91;;;58.679.342,90;594,00;;579.911,00
KNRE11;0,34;0,001240;1,70;0,64;0,53;833,81;32,98;;34,42;11.954.537,51;5.450,00;;18.547.161,00
KNRI11;151,40;1,100000;8,28;163,43;0,93;7.810.279,41;3,04;0,32;7,53;4.609.373.328,95;307.439,00;;28.204.047,00
KNSC11;9,03;0,100000;12,51;8,79;1,03;4.837.630,10;10,35;6,14;12,75;1.777.820.651,78;261.873,00;;202.202.385,00
KNUQ11;104,14;1,170000;14,62;101,32;1,03;3.992.224,68;9,26;7,95;;2.176.889.993,37;53.784,00;;21.484.730,00
KOPI11;0,00;;0,00;63,81;;;3,50;;;118.155.565,38;8.102,00;;1.851.786,00
KORE11;64,22;0,600000;18,28;106,15;0,61;2.194.258,50;0,56;;;1.021.677.565,13;31.321,00;;9.625.000,00
KRES11;0,00;0,000843;0,00;1,00;;;1,79;;;244.203.807,69;131,00;;245.099.742,00
LASC11;110,39;0,610000;10,56;131,95;0,84;283.562,90;0,98;15,52;16,34;387.976.472,15;639,00;;2.940.298,00
LATR11B;774,06;9,998500;0,00;63,81;12,13;0,00;3,50;;;118.155.565,38;8.102,00;;1.851.786,00
LAVF11;0,00;1,300000;0,00;63,81;;;3,50;;;118.155.565,38;8.102,00;;1.851.786,00
LFTT11;2,10;3,668145;0,00;42,86;0,05;598.719,00;7,48;;-3,95;28.503.492,29;8,00;;665.000,00
LIFE11;7,38;0,120000;19,54;9,00;0,82;845.963,52;2,76;-0,84;5,54;358.035.251,05;20.528,00;;39.761.584,00
LKDV11;1.081,93;;0,00;1.101,93;0,98;;9,20;;;73.620.722,60;101,00;;66.811,00
LLAO11;57,20;1,700000;0,00;53,43;1,07;57,00;5,50;;;19.294.620,62;78,00;;361.140,00
LMAI11;36,99;0,270000;12,52;111,43;0,33;18.518,76;1,54;0,95;0,11;588.376.786,38;1.080,00;;5.280.066,00
LOFT11B;29,90;0,201705;0,00;0,00;;;7.467,12;;;1.037,85;8,00;;1.958.596,00
LPLP11;248,00;3,102779;18,39;320,68;0,77;988,83;0,01;-20,47;;256.971.679,52;42,00;;801.344,00
LRDI11;118,80;29,710137;62,01;76,81;1,55;294,88;0,00;;;28.438.556,05;140,00;;370.244,00
LRED11;12,00;;0,00;10,89;1,10;3,00;5,91;;;15.347.256,30;109,00;;1.408.780,00
LSOI11;12,02;0,100000;0,00;13,26;0,91;0,00;0,71;;;71.147.921,95;40,00;;5.365.285,00
LSPA11;24,01;0,060000;0,00;20,95;1,15;;104,96;81,14;;8.473.824,04;727,00;Ativa;404.500,00
LTMT11;93,78;8,379118;0,00;94,04;1,00;0,00;4,33;;;14.716.695,29;114,00;;156.501,00
LVBI11;104,16;0,750000;8,65;120,34;0,87;3.306.572,81;0,66;-4,92;6,76;1.939.738.835,15;122.833,00;;16.118.565,00
MADS11;0,00;;0,00;63,81;;;3,50;;;118.155.565,38;8.102,00;;1.851.786,00
MANA11;8,96;0,120000;14,84;9,42;0,95;1.792.655,71;6,70;1,29;12,16;353.427.916,24;38.064,00;;37.536.140,00
MATV11;86,63;0,600000;0,00;63,81;1,36;;3,50;;1,04;118.155.565,38;8.102,00;;1.851.786,00
MAXR11;54,97;0,250000;7,19;93,18;0,59;49.136,24;3,76;-23,96;8,46;104.885.430,94;3.627,00;;1.125.655,00
MCCI11;93,20;1,000000;12,66;95,45;0,98;3.858.252,91;1,90;3,97;12,91;1.618.854.890,12;123.658,00;;16.960.024,00
MCEM11;30,98;0,670000;20,40;27,78;1,12;48.819,60;0,11;;;94.828.054,74;226,00;;3.413.557,00
MCHF11;9,10;0,070000;0,00;63,81;0,14;;3,50;;0,67;118.155.565,38;8.102,00;;1.851.786,00
MCLO11;10,37;0,070000;10,77;13,81;0,75;314.593,91;2,90;;;1.720.698.861,22;241,00;;124.642.860,00
MCRE11;8,98;0,110000;14,70;10,17;0,88;2.632.377,43;4,85;-4,17;7,39;1.134.945.744,50;93.036,00;;111.598.921,00
MFAI11;69,98;0,720000;0,00;0,00;;;;-11,46;5,77;0,00;0,00;Ativa;0,00
MFCR11;22,33;2,270000;0,00;0,00;;;;;-38,01;0,00;0,00;Ativa;0,00
MFII11;45,60;0,910000;27,39;98,14;0,46;1.614.743,48;1,34;-2,77;-8,68;667.382.782,61;33.115,00;;6.800.000,00
MGCR11;9,40;0,100000;0,00;63,81;0,15;;3,50;;2,22;118.155.565,38;8.102,00;;1.851.786,00
MGFF11;69,99;0,520000;0,00;63,81;1,10;;3,50;-2,71;4,60;118.155.565,38;8.102,00;;1.851.786,00
MGHT11;11,26;0,130000;0,00;22,70;0,50;11.567,86;3,83;-14,07;-40,10;29.829.423,98;3.324,00;;1.313.784,00
MGIM11;101,50;0,176173;0,00;63,81;1,59;;3,50;;;118.155.565,38;8.102,00;;1.851.786,00
MGLC11;0,00;;0,00;63,81;;;3,50;;;118.155.565,38;8.102,00;;1.851.786,00
MGRI11;58,18;0,830000;21,69;48,19;1,21;;1,58;-3,25;;15.727.990,52;1,00;;326.400,00
MINT11;96,50;0,749556;0,00;97,17;0,99;;16,33;;;50.527.673,91;94,00;Ativa;520.000,00
MMPD11;0,00;0,736221;0,00;96,84;;;35,63;;;51.370.780,39;102,00;;530.497,00
MMVE11;147,00;;0,00;156,07;0,94;42.066,25;0,63;;;77.886.806,33;129,00;;499.037,00
MOFF11;0,00;;0,00;172,23;;;6,42;;;37.902.290,53;3,00;;220.066,00
MORC11;89,87;0,330000;0,00;63,81;1,41;;3,50;;-0,42;118.155.565,38;8.102,00;;1.851.786,00
MORE11;76,21;0,700000;0,00;63,81;1,19;;3,50;-3,30;3,92;118.155.565,38;8.102,00;;1.851.786,00
MOSO11;0,00;;0,00;;;;;;;;;;0,00
MTOF11;103,37;;0,00;43,54;2,37;;1,91;;;84.515.679,13;2,00;;1.941.019,00
MTRS11;0,00;;0,00;63,81;;;3,50;;;118.155.565,38;8.102,00;;1.851.786,00
MVFI11;0,00;;0,00;1,27;;;2,37;;;99.375.146,17;1,00;;78.155.673,00
MXRF11;9,64;0,100000;12,40;9,38;1,03;11.969.552,05;3,56;-2,52;9,26;4.316.748.113,30;1.453.148,00;;460.269.531,00
N4V1;0,00;;0,00;63,81;;;3,50;;;118.155.565,38;8.102,00;;1.851.786,00
N4V111;0,00;;0,00;63,81;;;3,50;;;118.155.565,38;8.102,00;;1.851.786,00
NAUI11;1.000,00;;0,00;436,11;2,29;0,00;10,17;;;22.562.137,65;109,00;;51.735,00
NAVT11;74,45;1,100000;13,87;89,98;0,83;48.794,62;6,94;-10,37;12,46;55.095.598,20;2.276,00;;612.282,00
NCRI11;8,59;0,120000;14,59;10,07;0,85;4.000,62;14,76;6,07;11,96;39.762.293,64;1.306,00;;3.949.999,00
NEWL11;109,46;1,000000;10,76;130,27;0,84;68.539,38;16,75;-1,08;14,25;366.077.928,74;8.637,00;;2.810.193,00
NEWU11;112,18;0,400000;3,41;95,77;1,17;23.342,79;10,52;19,47;28,45;73.313.379,28;1.060,00;;765.526,00
NIVT11;0,00;;0,00;11,73;;;2,29;;;98.045.405,20;459,00;;8.358.357,00
NPAR11;12,82;1,196695;0,00;11,73;1,09;;2,29;;;98.045.405,20;459,00;;8.358.357,00
NSLU11;171,49;1,720000;17,84;172,33;1,00;148.221,29;3,89;17,74;14,45;222.866.668,29;5.194,00;;1.293.286,00
NVHO11;11,90;0,088549;10,53;16,57;0,72;4.144,71;1,30;5,12;15,02;687.487.146,10;1.685,00;;41.494.533,00
NVIF11;227,50;0,889152;3,19;360,19;0,63;;3,46;11,49;;121.529.302,14;7,00;;337.400,00
OBAL11;1.095,00;93,515043;16,03;1.770,08;0,62;1.095,00;22,41;;;250.074.937,51;108,00;;141.279,00
OCRE11;77,47;0,516329;8,35;155,59;0,50;6.860,90;10,34;-19,55;0,42;65.813.588,98;449,00;;422.986,00
OGHY11;8,72;0,090000;0,00;63,81;0,14;;3,50;;-4,53;118.155.565,38;8.102,00;;1.851.786,00
ONDA11;7,70;0,100000;18,44;11,73;0,66;8.099,33;2,29;;;98.045.405,20;459,00;;8.358.357,00
ONEF11;200,03;0,031000;0,00;63,81;3,13;;3,50;66,84;2,92;118.155.565,38;8.102,00;;1.851.786,00
OPTM11;0,00;0,140000;0,00;70,59;;;15,02;;;5.174.537,22;14,00;;73.304,00
ORPD11;93,00;1,379310;0,00;140,63;0,66;;0,00;;;40.782.037,22;6,00;;290.000,00
OUFF11;61,10;0,755800;0,00;0,00;;;;-0,22;-2,00;0,00;0,00;Ativa;0,00
OUJP11;72,40;1,500000;18,70;100,51;0,72;419.282,81;11,24;4,11;3,71;326.884.252,36;26.420,00;;3.252.384,00
OURE11;78,20;1,085000;0,00;0,00;;;;-3,46;-0,16;0,00;0,00;;0,00
PABY11;18,75;;0,00;-34,60;;997,95;;;6,55;-26.238.069,70;518,00;;758.400,00
PATA11;9,06;0,070010;20,98;10,12;0,90;28.604,90;5,94;;;17.227.115,86;360,00;;1.702.007,00
PATB11;0,00;4,505153;0,00;207,10;;;0,58;;;854.631.930,73;1,00;;4.126.575,00
PATC11;39,99;0,050000;1,57;34,31;1,15;15.760,76;0,47;-55,84;7,69;119.304.519,37;4.324,00;;3.477.434,00
PATL11;64,15;0,570000;10,18;89,15;0,72;239.353,43;0,98;-0,19;8,12;444.971.150,36;33.643,00;;4.991.535,00
PBLV11;663,11;46,797670;13,64;1.653,08;0,40;;4,87;;;8.033.236.807,12;2,00;;4.859.552,00
PCAS11;0,00;128,571429;0,00;3.513,73;;;0,01;;;245.961.265,56;100,00;;70.000,00
PCIP11;81,26;0,890000;13,38;93,53;0,87;2.386.411,36;6,94;-0,21;9,22;1.591.057.317,73;113.175,00;;17.011.707,00
PDBM11;111,96;1,421549;16,26;113,02;0,99;0,00;1,76;;;38.426.413,56;118,00;;340.000,00
PEMA11;26,00;0,255900;27,59;50,69;0,51;5.804,00;1,16;-3,25;2,70;27.981.730,02;284,00;;552.000,00
PLAG11;62,20;0,650000;10,37;65,86;0,94;223.519,29;7,63;6,82;23,56;359.123.481,86;13.958,00;;5.452.634,00
PLCR11;78,20;0,800000;3,32;83,40;0,94;864.020,00;7,46;-5,92;6,35;175.914.246,15;14.034,00;;2.109.169,00
PLRI11;6,89;0,251492;3,65;15,48;0,45;432,89;18,26;15,44;5,67;14.774.500,47;775,00;;954.304,00
PMFO11;87,29;0,840000;11,55;90,99;0,96;93.051,00;2,98;;;88.797.510,65;197,00;;975.907,00
PMIS11;7,78;0,092000;14,72;9,42;0,83;366.737,14;18,41;;;139.507.733,94;6.686,00;;14.803.242,00
PMLL11;104,87;1,000000;10,50;117,01;0,90;3.495.860,38;4,31;2,34;4,73;1.636.012.658,67;132.907,00;;13.982.093,00
PMRL11;106,95;0,573000;0,54;85,72;1,25;139.428,19;0,76;;;33.788.397,74;2.912,00;;394.163,00
PNCR11;45,20;1,560000;8,69;46,07;0,98;;101,19;;12,08;23.037.047,12;112,00;;500.000,00
PNDL11;160,00;3,410000;0,00;531,42;0,30;238,67;85,74;;-3,97;76.700.192,71;55,00;;144.332,00
PNLN11;0,00;;0,00;93,96;;;1,93;;;21.756.464,04;52,00;;231.547,00
PNPR11;48,00;1,230000;0,00;38,84;1,24;5.000.064,00;1,59;;-3,41;34.873.201,95;15,00;;897.816,00
PNRC11;28,44;0,070000;16,70;10,24;2,78;61,00;1,52;-31,82;;4.201.371,06;103,00;;410.100,00
PORD11;8,16;0,098000;14,48;9,54;0,85;504.666,86;27,07;-0,08;11,24;355.831.973,70;45.714,00;;37.283.750,00
PQAG11;56,49;0,490000;10,20;55,59;1,02;2.748,23;0,04;2,17;12,90;777.818.133,39;478,00;;13.991.890,00
PQDP11;2.539,99;15,800000;9,32;2.598,27;0,98;80.039,19;10,42;5,04;70,74;606.266.466,85;3.009,00;;233.335,00
PRSN11B;0,20;0,081427;40,71;2,62;0,08;0,00;45,90;;-48,91;8.454.733,38;489,00;;3.231.246,00
PRSV11;34,49;1,620000;0,00;104,81;0,33;637,10;0,22;28,92;-27,89;29.557.062,51;788,00;;282.016,00
PRTS11;18.206,64;0,054870;0,00;63,81;285,33;;3,50;;;118.155.565,38;8.102,00;;1.851.786,00
PRZS11;0,00;;0,00;61,56;;;0,18;;;91.921.050,63;19,00;;1.493.148,00
PSEC11;56,72;0,550000;13,84;74,82;0,76;3.014.908,14;5,01;-4,10;-0,36;1.376.579.670,84;85.866,00;;18.399.378,00
PULV11;8,72;0,095000;5,45;0,00;;61.949,00;;;;0,00;0,00;;0,00
PVBI11;70,83;0,400000;7,55;107,80;0,66;3.632.400,29;1,18;-12,91;-1,61;2.924.564.951,11;183.130,00;;27.130.067,00
QAMI11;84,68;1,000000;0,00;63,81;1,33;67.019,00;3,50;;3,04;118.155.565,38;8.102,00;;1.851.786,00
QIRI11;78,04;0,660000;0,00;63,81;1,22;;3,50;;;118.155.565,38;8.102,00;;1.851.786,00
QNTS11;0,00;1,050000;0,00;177,46;;;1,09;;;241.926.225,49;135,00;;1.363.236,00
QTZD11;0,00;;0,00;8,74;;;8,20;;;5.097.166,73;31,00;;583.340,00
RBBV11;100,00;0,224057;0,00;63,81;1,57;;3,50;75,40;;118.155.565,38;8.102,00;;1.851.786,00
RBCB11;19,00;0,300000;0,00;63,81;0,30;;3,50;-15,04;;118.155.565,38;8.102,00;;1.851.786,00
RBDS11;2,15;2,354143;0,00;18,47;0,12;47,89;13,37;18,99;-9,49;2.336.359,65;799,00;;126.523,00
RBED11;94,00;1,040000;0,00;0,00;;;;15,30;-1,24;0,00;10.734,00;Ativa;2.355.022,00
RBFM11;10,24;0,108000;13,22;13,10;0,78;333.718,52;7,05;3,53;9,03;245.586.362,91;22.860,00;;18.746.075,00
RBFY11;75,00;0,070000;0,72;94,84;0,79;714,80;3,10;;;91.976.948,05;81,00;;969.847,00
RBGS11;28,45;0,176600;0,00;63,81;0,45;;3,50;4,91;;118.155.565,38;8.102,00;;1.851.786,00
RBHG11;64,61;0,800000;14,98;87,09;0,74;407.573,95;1,22;-7,17;5,31;188.803.346,96;7.593,00;;2.167.957,00
RBHY11;74,57;1,000000;16,91;92,79;0,80;425.917,43;1,93;-1,01;7,34;175.696.048,37;3.547,00;;1.893.505,00
RBIR11;79,83;1,635000;17,32;80,20;1,00;100.971,85;9,26;;15,18;122.597.881,19;1.474,00;;1.528.615,00
RBLG11;17,78;0,270000;12,77;33,31;0,53;26,18;8,36;-20,08;3,39;21.325.827,86;238,00;;640.199,00
RBOP11;225,00;0,650000;8,00;738,07;0,30;11.955,81;8,17;-33,46;-15,56;75.035.613,37;2.593,00;;101.664,00
RBRD11;36,99;0,550000;7,44;71,66;0,52;89.681,62;3,93;1.520,08;13,75;132.696.024,45;7.508,00;;1.851.786,00
RBRF11;6,53;0,120000;5,53;8,57;0,76;2.739.709,00;14,59;6,82;4,57;1.172.603.582,62;111.834,00;;136.807.700,00
RBRI11;600,00;13,000000;2,17;313,17;1,92;171,43;23,07;;;43.739.368,06;141,00;;139.665,00
RBRK11;107,00;;0,00;117,24;0,91;71.608,33;4,36;;;203.838.700,60;20,00;;1.738.692,00
RBRL11;79,67;0,600000;10,92;101,49;0,79;541.250,57;8,37;2,12;7,75;678.676.815,21;17.080,00;;6.687.035,00
RBRM11;94.794,81;2.002,089652;0,00;5.301,98;17,88;;100,00;;;2.860.101,93;54,00;Ativa;539,00
RBRP11;49,88;0,400000;9,62;80,73;0,62;792.554,00;3,52;4,30;7,28;983.204.666,82;55.249,00;;12.179.186,00
RBRR11;81,97;0,900000;12,08;93,63;0,88;3.408.511,95;1,58;2,77;7,88;1.526.147.238,23;140.343,00;;16.300.275,00
RBRS11;43,10;0,220000;6,08;96,00;0,45;15.155,47;4,11;-20,98;-3,49;73.386.791,86;871,00;;764.452,00
RBRU11;0,00;;0,00;63,81;;;3,50;;;118.155.565,38;8.102,00;;1.851.786,00
RBRX11;8,17;0,090000;13,29;9,84;0,83;2.528.981,76;3,57;-4,55;9,87;1.439.726.363,68;126.249,00;;146.354.302,00
RBRY11;90,00;1,000000;15,53;100,67;0,89;5.628.952,62;4,49;2,15;11,24;1.285.464.017,25;76.388,00;;12.769.512,00
RBTS11;285,05;7,341884;2,58;309,09;0,92;43,85;8,35;;;17.471.047,58;126,00;;56.525,00
RBVA11;9,07;0,090000;11,91;10,65;0,85;1.743.567,05;2,04;-3,45;8,51;1.662.786.345,18;92.778,00;;156.143.050,00
RBVO11;5,32;0,010000;0,00;0,00;;;;71,05;-14,22;0,00;0,00;Ativa;0,00
RCFA11;0,94;;0,00;18,24;0,05;16,45;0,00;;-29,21;10.652.121,72;279,00;;583.926,00
RCFF11;73,01;0,424400;5,44;106,18;0,69;77,56;7,05;;4,92;34.317.215,50;127,00;;323.200,00
RCKF11;0,00;;0,00;63,81;;;3,50;;;118.155.565,38;8.102,00;;1.851.786,00
RCRB11;138,67;1,070000;8,24;199,29;0,69;1.266.138,38;0,21;3,71;8,53;735.512.524,59;24.445,00;;3.690.695,00
RCRI11;100,95;1,150000;4,51;102,92;0,98;40.414,24;1,97;;;43.449.061,01;343,00;;422.144,00
RCRI11B;1.200,00;12,481836;0,00;63,81;18,81;;3,50;;;118.155.565,38;8.102,00;;1.851.786,00
RDCI11;0,00;3,930000;0,00;87,60;;;25,66;;;267.554.794,83;117,00;;3.054.449,00
RDIV11;100,00;0,750000;1,24;84,71;1,18;7.735.786,00;0,77;;;222.251.350,32;141,00;;2.623.752,00
RDLI11;63,00;15,111099;95,40;88,29;0,71;458,19;27,64;;;169.895.817,95;304,00;;1.924.193,00
RDLS11;0,00;;0,00;1.917,93;;;4,54;;;393.175.697,03;32,00;;205.000,00
RECD11;6,62;0,081500;15,34;6,86;0,97;377,29;7,83;;;37.411.697,01;488,00;;5.453.775,00
RECH11;0,00;;0,00;63,81;;;3,50;;;118.155.565,38;8.102,00;;1.851.786,00
RECM11;7,32;0,100000;18,03;9,17;0,80;32.874,10;2,25;;;77.063.751,92;1.209,00;;8.400.517,00
RECR11;79,72;1,118000;13,40;88,90;0,90;2.799.312,64;1,71;2,34;11,08;2.350.762.745,76;173.738,00;;26.441.650,00
RECT11;34,46;0,450000;14,73;89,74;0,38;402.450,45;0,26;2,63;-0,52;766.652.255,56;47.788,00;;8.543.493,00
RECX11;67,99;0,600000;0,00;72,48;0,94;;17,45;-12,46;1,66;15.823.826,78;577,00;Ativa;218.313,00
REIT11;92,00;4,190000;15,62;298,38;0,31;0,00;101,54;-49,80;-5,48;7.844.700,54;60,00;;26.291,00
RELG11;62,50;0,800000;15,28;90,88;0,69;238.837,00;1,39;22,18;9,32;121.287.283,78;4.013,00;;1.334.562,00
RENV11;5,72;0,080000;13,90;14,27;0,40;11.601,81;2,59;;;14.649.819,46;843,00;;1.026.794,00
RFOF11;63,84;0,650000;11,20;70,63;0,90;173.508,00;3,88;-3,87;5,09;54.190.873,96;3.284,00;;767.207,00
RINV11;106,80;1,100000;12,27;108,19;0,99;257.033,18;0,58;-6,55;14,89;424.872.699,97;4.513,00;;3.927.060,00
RJDA11;115,00;;0,00;;;345,00;;;;;;;0,00
RMBS11;8,75;0,114500;2,70;9,59;0,91;6.039,71;13,80;;;24.317.336,05;4.843,00;;2.536.202,00
RNDP11;40,50;0,690000;0,00;0,00;;14.794,00;;-33,42;22,58;0,00;0,00;Ativa;0,00
RNGO11;51,03;0,510000;8,92;83,51;0,61;61.355,00;1,51;-0,22;11,77;223.469.676,84;6.630,00;;2.676.000,00
ROOF11;323,31;41,715400;0,00;280,76;1,15;323,00;14,16;;-1,06;21.757.337,85;81,00;;77.495,00
RPRI11;77,69;0,900000;14,86;101,54;0,77;758.387,71;8,32;-1,00;4,41;352.525.959,10;4.644,00;;3.471.728,00
RSPD11;701,00;3,019911;13,57;768,51;0,91;24.177,35;8,00;;;114.517.054,70;190,00;;149.011,00
RTEL11;0,00;;0,00;50,04;;;25,55;;;17.375.438,16;569,00;;347.200,00
RZAK11;81,95;1,100000;16,29;88,61;0,92;1.528.505,19;5,90;-1,71;11,53;780.498.336,92;44.946,00;;8.807.885,00
RZAT11;95,72;1,700000;13,43;104,08;0,92;659.369,55;8,77;2,19;14,00;440.791.647,36;34.169,00;;4.235.042,00
RZDM11;550,16;2,900000;0,00;63,81;8,62;;3,50;;;118.155.565,38;8.102,00;;1.851.786,00
RZLC11;1.004,07;11,553170;14,81;996,49;1,01;1.111.341,95;1,62;;;161.394.611,25;159,00;;161.963,00
RZTR11;87,93;1,000000;13,70;91,74;0,96;3.320.103,09;2,12;0,28;11,73;1.729.501.522,37;148.461,00;;18.851.720,00
RZZI11;982,82;6,800000;3,58;1.304,37;0,75;2.000.000,00;1,49;;;145.490.313,05;116,00;;111.541,00
RZZR11;129,99;1,232000;11,18;176,26;0,74;44.233,76;1,42;2,49;-3,74;983.995.299,24;553,00;;5.582.718,00
RZZV11;1.028,34;8,300000;9,06;1.196,33;0,86;105.000,00;3,56;;;207.610.269,59;131,00;;173.540,00
SACL11;0,00;;0,00;63,81;;;3,50;;;118.155.565,38;8.102,00;;1.851.786,00
SADI11;8,62;0,114000;6,61;8,73;0,99;17.163,00;7,98;0,14;12,65;135.150.517,24;10.994,00;;15.486.840,00
SAIC11B;0,00;0,662215;0,00;39,67;;;0,01;;;56.723.988,53;45,00;;1.429.740,00
SALI11;0,00;0,900000;0,00;95,01;;;7,15;;;7.559.631,16;2,00;;79.565,00
SAPI11;9,01;0,110000;16,02;10,05;0,90;183.230,81;12,11;;;297.165.176,54;13.171,00;;29.563.321,00
SARE11;4,80;0,026000;0,54;5,03;0,95;348.855,00;4,63;-28,39;-3,67;464.915.874,22;26.586,00;;92.343.290,00
SBCL11;0,00;;0,00;0,00;;;;;;0,00;0,00;Ativa;0,00
SCPF11;2,61;0,018000;0,69;9,89;0,26;1.914,82;1,20;0,89;-19,75;41.533.691,27;4.212,00;;4.200.000,00
SEED11;98,34;1,210000;11,28;92,84;1,06;;0,62;2,23;;152.260.528,53;131,00;;1.640.000,00
SEQR11;50,74;0,588300;13,78;98,41;0,52;62.195,29;2,15;-4,72;7,83;163.924.325,35;0,00;Ativa;1.665.695,00
SFND11;83,07;0,100000;0,00;63,81;1,30;;3,50;115,88;;118.155.565,38;8.102,00;;1.851.786,00
SFRO11;0,00;;0,00;63,81;;;3,50;;;118.155.565,38;8.102,00;;1.851.786,00
SHDP11B;0,00;153,148895;0,00;968,42;;;8,29;106,61;;1.152.149.132,35;2,00;;1.189.725,00
SHOP11;33,52;;0,00;31,17;1,08;16,70;1,05;;-13,73;78.643.572,23;96,00;;2.523.296,00
SHPH11;870,00;5,300000;6,79;1.036,77;0,84;42.246,29;1,99;1,74;15,52;631.340.468,83;2.039,00;;608.950,00
SHPP11;11,04;0,056000;6,98;10,15;1,09;15.705,31;2,40;;;518.525.659,31;125,00;;51.067.415,00
SHSO11;0,00;0,420000;0,00;63,81;;;3,50;;;118.155.565,38;8.102,00;;1.851.786,00
SIGR11;99,90;1,295000;0,00;9,38;10,65;100,00;1,83;;-0,03;184.590.936,22;10.774,00;;19.685.485,00
SJAU11;3,80;11,880000;0,00;14,89;0,23;2.432,95;24,74;;-64,64;11.814.859,18;816,00;;793.224,00
SLDZ11;0,00;;0,00;-85,58;;;;;;-430.039,32;2,00;Ativa;5.025,00
SMRE11;52,80;1,011718;23,27;105,73;0,50;440.156,76;1,41;;;105.500.418,83;1.233,00;;997.857,00
SNCI11;85,35;1,000000;14,06;96,83;0,88;657.679,10;5,51;0,56;8,08;406.667.722,01;35.422,00;;4.200.000,00
SNEL11;8,42;0,100000;14,23;8,04;1,05;3.956.910,23;7,40;;;889.954.690,47;94.207,00;;110.660.070,00
SNFF11;72,14;0,720000;13,67;87,86;0,82;302.913,09;0,56;2,11;6,18;353.254.644,11;25.965,00;;4.020.635,00
SNLG11;1,24;0,840000;0,00;2,03;0,61;0,00;144,80;;49,65;5.140.058,16;9.267,00;;2.529.966,00
SNME11;9,35;0,100000;15,40;9,58;0,98;126.349,14;15,42;;;71.074.274,25;7.379,00;;7.418.243,00
SOFF11;94,75;1,000000;0,00;102,48;0,92;17.141,11;0,00;;;188.049.492,05;309,00;;1.834.908,00
SOLR11;1.051,35;4,770765;0,00;921,41;1,14;;0,72;;;60.383.017,00;28,00;;65.533,00
SPAF11;0,00;7,127917;0,00;1.126,25;;;3,37;7,27;;12.692.824,60;1,00;;11.270,00
SPDE11;1.266,67;11,310000;9,73;1.550,73;0,82;;2,30;;;141.736.636,02;120,00;;91.400,00
SPGM11;13,36;;0,00;16,30;0,82;0,00;0,01;;;73.661.026,38;118,00;;4.518.848,00
SPMO11;120,00;0,430000;0,00;170,97;0,70;21.709,09;0,00;;;310.305.927,73;15,00;;1.814.984,00
SPTW11;36,72;0,450000;14,79;54,16;0,68;71.419,38;6,54;-0,37;10,83;97.383.859,83;16.892,00;;1.798.000,00
SPVJ11;0,00;0,145100;0,00;24,36;;;24,77;-38,85;;153.744.670,16;23,00;;6.312.090,00
SPXC11;0,00;;0,00;63,81;;;3,50;;;118.155.565,38;8.102,00;;1.851.786,00
SPXG11;0,00;;0,00;9,78;;;3,88;;;7.544.959,97;61,00;;771.677,00
SPXL11;0,00;;0,00;8,89;;;100,83;;;39.090.233,15;28,00;;4.397.344,00
SPXS11;8,21;0,097000;14,85;9,44;0,87;344.025,76;0,00;-0,33;8,57;190.646.070,54;20.495,00;;20.189.040,00
SRVD11;3,00;0,200000;0,00;0,16;18,75;0,00;0,00;;-19,40;15.786.862,42;108,00;;96.286.020,00
STRX11;140,31;0,840000;7,70;153,25;0,92;141,00;1,14;4,58;;247.273.997,22;111,00;;1.613.559,00
SURE11;0,00;0,600000;0,00;10,77;;;32,96;;;115.503.936,72;1,00;;10.728.379,00
TBOF11;15,56;0,822740;0,00;63,81;0,24;;3,50;74,62;;118.155.565,38;8.102,00;;1.851.786,00
TCIN11;145,92;;0,00;42,99;3,39;277.248,00;0,00;;3,03;36.694.236,82;107,00;;853.454,00
TCPF11;39,53;1,310000;0,00;98,43;0,40;;6,15;;;29.265.153,44;48,00;;297.327,00
TELD11;0,00;;0,00;24,62;;;16,14;;;11.567.171,92;2,00;;469.760,00
TELF11;0,00;;0,00;63,81;;;3,50;;;118.155.565,38;8.102,00;;1.851.786,00
TELM11;9,69;0,100000;16,88;10,04;0,97;5.029,19;1,91;;;31.142.220,83;289,00;;3.100.500,00
TEPP11;7,92;0,131000;14,16;9,64;0,82;1.596.151,05;6,42;6,63;11,28;478.378.282,93;42.550,00;;49.616.923,00
TFOF11;138,00;2,370000;0,00;63,81;2,16;;3,50;29,98;;118.155.565,38;8.102,00;;1.851.786,00
TGAR11;51,37;0,720000;20,80;109,71;0,46;8.913.302,71;0,52;-13,74;-14,37;2.585.569.548,55;141.772,00;;23.567.968,00
THRA11;138,50;0,130000;0,00;63,81;2,17;;3,50;90,73;;118.155.565,38;8.102,00;;1.851.786,00
TJKB11;249,80;2,900000;13,77;282,71;0,88;69.644,05;1,69;5,15;10,22;603.449.605,66;697,00;;2.134.524,00
TMPS11;73,31;0,750000;13,78;83,23;0,88;137.824,05;1,72;-3,73;6,21;81.480.823,25;1.877,00;;978.968,00
TOPP11;62,06;0,840000;16,23;105,93;0,59;724.942,82;3,67;;;479.663.104,75;4.836,00;;4.528.240,00
TORD11;1,09;0,003500;11,97;36,72;0,03;21.427,95;4,30;-72,73;-63,19;212.583.174,34;46.674,00;;5.841.933,00
TORM13;142,00;10,562960;0,00;63,81;2,23;;3,50;;;118.155.565,38;8.102,00;;1.851.786,00
TOUR11;8,80;0,242328;0,00;63,81;0,14;;3,50;;;118.155.565,38;8.102,00;;1.851.786,00
TRBL11;60,87;0,850000;13,22;80,18;0,76;1.730.497,38;10,33;-5,18;-4,14;620.527.993,64;43.509,00;;7.739.092,00
TRNT11;106,00;0,070000;0,00;166,32;0,64;3.722,17;1,93;-14,19;-2,22;654.545.229,20;501,00;;3.935.562,00
TRPL11;1,05;;0,00;0,59;1,78;386,89;10,50;;;5.929.573,44;167,00;;10.000.000,00
TRUE11;24,01;0,018204;1,09;28,41;0,85;14.484,08;9,00;-10,27;0,62;70.502.318,01;2.875,00;;2.481.283,00
TRXB11;173,00;0,850000;16,10;98,68;1,75;5.051.382,76;1,45;26,93;29,17;401.248.698,60;777,00;;4.066.022,00
TRXF11;90,96;0,930000;12,99;98,79;0,92;16.945.367,81;1,34;0,60;7,48;6.167.547.351,39;302.954,00;;62.430.702,00
TRXY11;8,09;0,110000;16,71;8,88;0,91;127.859,73;1,76;;;315.034.036,19;2.391,00;;35.467.014,00
TSER11;105,44;2,555995;13,59;95,27;1,11;580,50;8,99;5,76;14,03;141.526.364,25;18,00;;1.485.504,00
TSNC11;58,80;7,361195;0,00;78,55;0,75;11,70;5,48;-38,46;;85.368.367,93;109,00;;1.086.780,00
TSNM11;0,00;;0,00;63,81;;;3,50;;;118.155.565,38;8.102,00;;1.851.786,00
TVRI11;88,80;1,050000;14,17;104,11;0,85;1.352.254,24;2,74;4,01;9,94;1.657.343.776,89;59.230,00;;15.919.690,00
URHF11;62,02;1,000000;21,48;97,72;0,63;5.555,76;21,14;;;10.789.724,35;302,00;;110.417,00
URPR11;22,03;0,290000;19,69;85,86;0,26;641.936,05;0,57;-31,65;-29,21;1.007.434.069,83;58.354,00;;11.733.895,00
VCHG11;0,00;;0,00;63,81;;;3,50;;;118.155.565,38;8.102,00;;1.851.786,00
VCJR11;75,30;1,000000;14,91;94,42;0,80;2.113.938,38;7,19;-0,23;6,23;1.390.264.531,72;288.889,00;;14.723.970,00
VCRI11;7,39;0,095000;15,02;9,54;0,77;351.606,52;2,34;0,61;9,36;196.045.442,60;12.996,00;;20.543.663,00
VCRR11;57,93;0,400000;9,49;103,97;0,56;238.855,14;7,60;-13,37;0,18;207.947.664,02;2.774,00;;2.000.000,00
VCTH11;101,00;;0,00;95,30;1,06;505,00;4,99;;;68.233.254,13;177,00;;715.952,00
VDSV11;0,00;;0,00;1.180,78;;;10,15;;;45.031.457,53;84,00;;38.137,00
VERE11;127.709,34;9,000000;0,04;531,12;240,45;;1,81;30,75;;340.215.922,15;111,00;;640.565,00
VGHF11;5,89;0,070000;15,65;8,53;0,69;3.716.615,33;0,32;-9,23;-2,38;1.404.756.322,80;378.189,00;;164.721.683,00
VGII11;65,76;0,800000;7,60;71,66;0,92;24,17;0,07;;;37.182.232,23;6,00;;518.865,00
VGIP11;78,74;1,080000;13,97;91,64;0,86;2.115.385,36;4,51;2,51;9,48;1.080.127.679,85;84.010,00;;11.787.247,00
VGIR11;9,67;0,120000;15,82;9,80;0,99;4.744.957,43;6,67;3,25;17,44;1.431.154.693,34;266.512,00;;146.101.287,00
VGRI11;5,19;0,075000;25,24;8,74;0,59;326.415,48;3,49;;;306.006.271,38;26.070,00;;35.021.736,00
VIDS11;915,64;63,984592;9,11;696,09;1,32;;26,61;;;65.852.408,13;199,00;;94.603,00
VIFI11;6,96;0,070000;0,00;0,00;;;;5,09;3,60;0,00;0,00;Ativa;0,00
VILG11;92,54;0,820000;9,86;112,24;0,82;3.023.089,00;7,05;5,76;5,61;1.683.317.586,00;148.650,00;;14.997.396,00
VINO11;4,57;0,040000;12,91;9,84;0,46;577.734,67;7,20;-6,20;-10,80;814.633.429,95;129.458,00;;82.826.295,00
VISC11;100,86;0,840000;9,80;116,16;0,87;7.659.994,36;4,73;-5,08;5,59;3.348.643.396,38;347.631,00;;28.828.640,00
VIUR11;2,38;0,206700;29,44;3,49;0,68;173.378,14;62,10;3,78;6,54;94.013.195,78;37.665,00;;26.946.220,00
VJFD11;126,08;0,880000;8,99;170,90;0,74;21,08;0,71;8,14;;833.336.234,48;104,00;;4.876.129,00
VLIQ11;0,00;;0,00;63,81;;;3,50;;;118.155.565,38;8.102,00;;1.851.786,00
VLJS11;1.141,14;28,819221;0,00;599,46;1,90;;0,01;;;15.627.191,19;9,00;;26.068,00
VLOL11;88,00;1,856441;0,00;63,81;1,38;0,00;3,50;14,56;;118.155.565,38;8.102,00;;1.851.786,00
VOTS11;88,59;1,200000;12,10;92,44;0,96;1.775,47;9,66;1,18;14,41;76.536.158,40;534,00;;827.913,00
VPPR11;21,00;0,070000;0,00;43,21;0,49;145.330,62;1,43;-42,64;-0,89;316.096.886,53;30.724,00;;7.316.171,00
VPSI11;22,38;0,269873;13,77;33,60;0,67;22,00;0,86;9,81;;271.246.093,72;125,00;;8.071.897,00
VRTA11;73,10;0,850000;13,96;84,30;0,87;1.578.024,86;3,10;2,33;5,33;1.314.465.129,26;104.232,00;;15.592.424,00
VRTM11;6,96;0,090000;15,56;9,48;0,73;401.504,71;7,34;;;445.134.940,78;11.903,00;;46.971.245,00
VSEC11;0,21;0,080000;0,00;63,81;0,00;;3,50;-0,62;;118.155.565,38;8.102,00;;1.851.786,00
VSHO11;75,44;0,700000;11,20;114,72;0,66;17.428,29;1,05;0,60;11,60;240.767.481,39;2.882,00;;2.098.800,00
VSLH11;1,67;0,035000;20,42;10,71;0,16;85.355,48;;-7,97;-22,79;0,00;61.194,00;;29.864.091,00
VTBL11;0,00;1,544600;0,00;84,35;;;0,00;;;19.105.850,77;1,00;;226.505,00
VTLT11;88,98;1,262349;11,17;90,55;0,98;12.462.404,00;1,31;6,44;9,14;191.517.274,18;5.533,00;;2.115.000,00
VTPA11;0,00;;0,00;104,75;;;1,49;;;69.333.068,07;1,00;;661.867,00
VTPL11;64,25;0,223619;7,27;119,79;0,54;66,00;0,69;;;166.052.886,05;125,00;;1.386.242,00
VTRT11;0,00;0,107508;0,00;63,81;;;3,50;;;118.155.565,38;8.102,00;;1.851.786,00
VTVI11;0,00;;0,00;21,92;;;2,52;;;39.046.008,94;1,00;;1.780.984,00
VTXI11;0,00;;0,00;2,64;;;6,74;;;273.238,99;2,00;;103.500,00
VVCO11;8,50;0,323281;0,00;14,88;0,57;2.406,70;2,58;;-8,54;147.278.908,13;2.482,00;;9.900.000,00
VVCR11;9,35;0,100000;13,02;10,36;0,90;27.554,19;9,62;-19,72;5,20;189.314.027,48;2.073,00;;18.278.958,00
VVMR11;84,98;0,200000;1,64;85,30;1,00;7.158,67;0,80;-26,18;3,45;240.822.369,59;512,00;;2.823.180,00
VVPR11;101,50;0,892340;0,00;63,81;1,59;;3,50;;;118.155.565,38;8.102,00;;1.851.786,00
VVRI11;92,99;0,350000;6,45;79,79;1,17;3.590,11;3,13;;7,92;140.196.541,62;143,00;;1.757.140,00
VXXV11;762,00;93,020000;0,00;436,60;1,75;20.484.630,00;1,12;;5,30;208.638.529,17;16,00;;477.875,00
WHGR11;9,18;0,100000;13,45;9,90;0,93;258.085,76;2,76;-2,11;14,16;306.044.579,27;15.121,00;;30.912.378,00
WPLZ11;47,51;0,370000;11,22;54,59;0,87;5.862,25;0,92;1,02;1,33;64.783.843,30;1.464,00;;1.186.683,00
WSEC11;1,41;0,020354;31,33;1,47;0,96;1.533,00;103,39;-2,33;26,90;3.603.090,71;918,00;;2.456.510,00
WTSP11;65,00;0,410000;6,88;94,08;0,69;11.326,88;0,95;5,02;;116.529.929,93;232,00;;1.238.572,00
XBXO11;0,00;;0,00;8,46;;;0,01;;;25.735.082,25;5,00;;3.042.600,00
XLPR11;74,50;0,336208;9,87;77,64;0,96;134.329,71;0,98;-4,56;9,27;37.404.223,23;1.399,00;;481.757,00
XPCI11;82,75;0,930000;13,26;89,01;0,93;1.791.390,77;4,36;0,56;12,60;774.502.348,92;82.455,00;;8.701.551,00
XPCM11;8,24;0,020000;0,00;20,23;0,41;15.748,38;0,83;-34,84;-14,14;48.844.138,71;15.780,00;;2.414.570,00
XPIN11;63,30;0,850000;14,14;90,39;0,70;698.505,48;0,62;8,34;3,79;646.316.057,39;38.138,00;;7.150.422,00
XPLG11;91,90;0,820000;10,74;105,56;0,87;6.078.802,33;3,10;1,64;3,33;5.424.505.175,38;342.586,00;;51.390.097,00
XPML11;104,37;0,920000;10,59;110,11;0,95;16.383.265,09;3,50;1,75;11,05;7.081.112.753,36;733.101,00;;64.308.055,00
XPRE11;0,00;;0,00;;;;;;;;;;0,00
XPSF11;6,21;0,070000;13,06;8,05;0,77;380.519,00;2,08;-3,63;4,97;348.567.671,25;54.761,00;;43.302.140,00
YEES11;102,00;;0,00;99,72;1,02;1.224,00;10,47;;;26.920.463,92;136,00;;269.952,00
YUFI11;15,00;0,171599;0,00;39,37;0,38;0,00;4,60;;-26,43;19.396.914,22;56,00;;492.650,00
ZAGH11;9,39;0,050000;7,63;9,06;1,04;976,00;1,99;;;95.195.596,62;515,00;;10.510.689,00
ZAVC11;9,01;0,130000;18,54;10,09;0,89;8.350,00;12,74;;;36.163.688,06;812,00;;3.582.421,00
ZAVI11;9,50;0,120000;14,29;13,58;0,70;37.012,38;4,34;-2,00;3,41;159.374.332,33;2.531,00;;11.733.220,00
ZIFI11;899,99;3,304958;0,00;1.753,10;0,51;0,00;0,00;;-2,47;83.245.993,55;89,00;;47.485,00
